{
    "$schema": "https://schema.management.azure.com/schemas/2015-01-01/deploymentTemplate.json#",
    "contentVersion": "1.0.0.0",
    "parameters": {
        "sites_blogdemoapp_name": {
            "defaultValue": "blogdemoapp",
            "type": "String"
        },
        "serverfarms_DemoSP_name": {
            "defaultValue": "DemoSP",
            "type": "String"
        },
        "sites_blogdemofunc_name": {
            "defaultValue": "blogdemofunc",
            "type": "String"
        },
        "serverfarms_WestEuropePlan_name": {
            "defaultValue": "WestEuropePlan",
            "type": "String"
        },
        "config_web_name": {
            "defaultValue": "web",
            "type": "String"
        },
        "config_web_name_1": {
            "defaultValue": "web",
            "type": "String"
        },
        "storageAccounts_blogdemostorage_name": {
            "defaultValue": "blogdemostorage",
            "type": "String"
        },
        "hostNameBindings_blogdemoapp.azurewebsites.net_name": {
            "defaultValue": "blogdemoapp.azurewebsites.net",
            "type": "String"
        },
        "hostNameBindings_blogdemofunc.azurewebsites.net_name": {
            "defaultValue": "blogdemofunc.azurewebsites.net",
            "type": "String"
        },
        "resourceLocation": {
            "defaultValue": "UK South",
            "type": "String"
        }
    },
    "variables": {},
    "resources": [
        {
            "comments": "Generalized from resource: '/subscriptions/82b5bb8a-2ea2-454a-80f5-cbada80b910c/resourceGroups/DemoRG/providers/Microsoft.Storage/storageAccounts/blogdemostorage'.",
            "type": "Microsoft.Storage/storageAccounts",
            "sku": {
                "name": "Standard_LRS",
                "tier": "Standard"
            },
            "kind": "StorageV2",
            "name": "[parameters('storageAccounts_blogdemostorage_name')]",
            "apiVersion": "2018-07-01",
            "location": "[parameters('resourceLocation')]",
            "tags": {},
            "scale": null,
            "properties": {
                "networkAcls": {
                    "bypass": "AzureServices",
                    "virtualNetworkRules": [],
                    "ipRules": [],
                    "defaultAction": "Allow"
                },
                "supportsHttpsTrafficOnly": true,
                "encryption": {
                    "services": {
                        "file": {
                            "enabled": true
                        },
                        "blob": {
                            "enabled": true
                        }
                    },
                    "keySource": "Microsoft.Storage"
                },
                "accessTier": "Hot"
            },
            "dependsOn": []
        },
        {
            "comments": "Generalized from resource: '/subscriptions/82b5bb8a-2ea2-454a-80f5-cbada80b910c/resourceGroups/DemoRG/providers/Microsoft.Web/serverfarms/DemoSP'.",
            "type": "Microsoft.Web/serverfarms",
            "sku": {
                "name": "F1",
                "tier": "Free",
                "size": "F1",
                "family": "F",
                "capacity": 0
            },
            "kind": "app",
            "name": "[parameters('serverfarms_DemoSP_name')]",
            "apiVersion": "2016-09-01",
            "location": "[parameters('resourceLocation')]",
            "scale": null,
            "properties": {
                "name": "[parameters('serverfarms_DemoSP_name')]",
                "workerTierName": null,
                "adminSiteName": null,
                "hostingEnvironmentProfile": null,
                "perSiteScaling": false,
                "reserved": false,
                "targetWorkerCount": 0,
                "targetWorkerSizeId": 0
            },
            "dependsOn": []
        },
        {
            "comments": "Generalized from resource: '/subscriptions/82b5bb8a-2ea2-454a-80f5-cbada80b910c/resourceGroups/DemoRG/providers/Microsoft.Web/serverfarms/WestEuropePlan'.",
            "type": "Microsoft.Web/serverfarms",
            "sku": {
                "name": "Y1",
                "tier": "Dynamic",
                "size": "Y1",
                "family": "Y",
                "capacity": 0
            },
            "kind": "functionapp",
            "name": "[parameters('serverfarms_WestEuropePlan_name')]",
            "apiVersion": "2016-09-01",
            "location": "[parameters('resourceLocation')]",
            "scale": null,
            "properties": {
                "name": "[parameters('serverfarms_WestEuropePlan_name')]",
                "workerTierName": null,
                "adminSiteName": null,
                "hostingEnvironmentProfile": null,
                "perSiteScaling": false,
                "reserved": false,
                "targetWorkerCount": 0,
                "targetWorkerSizeId": 0
            },
            "dependsOn": []
        },
        {
            "comments": "Generalized from resource: '/subscriptions/82b5bb8a-2ea2-454a-80f5-cbada80b910c/resourceGroups/DemoRG/providers/Microsoft.Web/sites/blogdemofunc'.",
            "type": "Microsoft.Web/sites",
            "kind": "functionapp",
            "name": "[parameters('sites_blogdemofunc_name')]",
            "apiVersion": "2016-08-01",
            "location": "[parameters('resourceLocation')]",
            "scale": null,
            "properties": {
                "enabled": true,
                "hostNameSslStates": [
                    {
                        "name": "[concat(parameters('sites_blogdemofunc_name'),'.azurewebsites.net')]",
                        "sslState": "Disabled",
                        "virtualIP": null,
                        "thumbprint": null,
                        "toUpdate": null,
                        "hostType": "Standard"
                    },
                    {
                        "name": "[concat(parameters('sites_blogdemofunc_name'),'.scm.azurewebsites.net')]",
                        "sslState": "Disabled",
                        "virtualIP": null,
                        "thumbprint": null,
                        "toUpdate": null,
                        "hostType": "Repository"
                    }
                ],
                "serverFarmId": "[resourceId('Microsoft.Web/serverfarms', parameters('serverfarms_WestEuropePlan_name'))]",
                "reserved": false,
                "siteConfig": null,
                "scmSiteAlsoStopped": false,
                "hostingEnvironmentProfile": null,
                "clientAffinityEnabled": false,
                "clientCertEnabled": false,
                "hostNamesDisabled": false,
                "containerSize": 1536,
                "dailyMemoryTimeQuota": 0,
                "cloningInfo": null,
                "httpsOnly": false
            },
            "dependsOn": [
                "[resourceId('Microsoft.Web/serverfarms', parameters('serverfarms_WestEuropePlan_name'))]"
            ]
        },
        {
            "comments": "Generalized from resource: '/subscriptions/82b5bb8a-2ea2-454a-80f5-cbada80b910c/resourceGroups/DemoRG/providers/Microsoft.Web/sites/blogdemoapp'.",
            "type": "Microsoft.Web/sites",
            "kind": "app",
            "name": "[parameters('sites_blogdemoapp_name')]",
            "apiVersion": "2016-08-01",
            "location": "[parameters('resourceLocation')]",
            "scale": null,
            "properties": {
                "enabled": true,
                "hostNameSslStates": [
                    {
                        "name": "[concat(parameters('sites_blogdemoapp_name'),'.azurewebsites.net')]",
                        "sslState": "Disabled",
                        "virtualIP": null,
                        "thumbprint": null,
                        "toUpdate": null,
                        "hostType": "Standard"
                    },
                    {
                        "name": "[concat(parameters('sites_blogdemoapp_name'),'.scm.azurewebsites.net')]",
                        "sslState": "Disabled",
                        "virtualIP": null,
                        "thumbprint": null,
                        "toUpdate": null,
                        "hostType": "Repository"
                    }
                ],
                "serverFarmId": "[resourceId('Microsoft.Web/serverfarms', parameters('serverfarms_DemoSP_name'))]",
                "reserved": false,
                "siteConfig": null,
                "scmSiteAlsoStopped": false,
                "hostingEnvironmentProfile": null,
                "clientAffinityEnabled": true,
                "clientCertEnabled": false,
                "hostNamesDisabled": false,
                "containerSize": 0,
                "dailyMemoryTimeQuota": 0,
                "cloningInfo": null,
                "httpsOnly": false
            },
            "dependsOn": [
                "[resourceId('Microsoft.Web/serverfarms', parameters('serverfarms_DemoSP_name'))]"
            ]
        },
        {
            "comments": "Generalized from resource: '/subscriptions/82b5bb8a-2ea2-454a-80f5-cbada80b910c/resourceGroups/DemoRG/providers/Microsoft.Web/sites/blogdemofunc/config/web'.",
            "type": "Microsoft.Web/sites/config",
            "name": "[concat(parameters('sites_blogdemofunc_name'), '/', parameters('config_web_name_1'))]",
            "apiVersion": "2016-08-01",
            "location": "[parameters('resourceLocation')]",
            "scale": null,
            "properties": {
                "numberOfWorkers": 1,
                "defaultDocuments": [
                    "Default.htm",
                    "Default.html",
                    "Default.asp",
                    "index.htm",
                    "index.html",
                    "iisstart.htm",
                    "default.aspx",
                    "index.php"
                ],
                "netFrameworkVersion": "v4.0",
                "phpVersion": "5.6",
                "pythonVersion": "",
                "nodeVersion": "",
                "linuxFxVersion": "",
                "windowsFxVersion": null,
                "requestTracingEnabled": false,
                "remoteDebuggingEnabled": false,
                "remoteDebuggingVersion": null,
                "httpLoggingEnabled": false,
                "logsDirectorySizeLimit": 35,
                "detailedErrorLoggingEnabled": false,
                "publishingUsername": "$blogdemofunc",
                "publishingPassword": null,
                "appSettings": null,
                "azureStorageAccounts": {},
                "metadata": null,
                "connectionStrings": null,
                "machineKey": null,
                "handlerMappings": null,
                "documentRoot": null,
                "scmType": "None",
                "use32BitWorkerProcess": true,
                "webSocketsEnabled": false,
                "alwaysOn": false,
                "javaVersion": null,
                "javaContainer": null,
                "javaContainerVersion": null,
                "appCommandLine": "",
                "managedPipelineMode": "Integrated",
                "virtualApplications": [
                    {
                        "virtualPath": "/",
                        "physicalPath": "site\\wwwroot",
                        "preloadEnabled": false,
                        "virtualDirectories": null
                    }
                ],
                "winAuthAdminState": 0,
                "winAuthTenantState": 0,
                "customAppPoolIdentityAdminState": false,
                "customAppPoolIdentityTenantState": false,
                "runtimeADUser": null,
                "runtimeADUserPassword": null,
                "loadBalancing": "LeastRequests",
                "routingRules": [],
                "experiments": {
                    "rampUpRules": []
                },
                "limits": null,
                "autoHealEnabled": false,
                "autoHealRules": null,
                "tracingOptions": null,
                "vnetName": "",
                "siteAuthEnabled": false,
                "siteAuthSettings": {
                    "enabled": null,
                    "unauthenticatedClientAction": null,
                    "tokenStoreEnabled": null,
                    "allowedExternalRedirectUrls": null,
                    "defaultProvider": null,
                    "clientId": null,
                    "clientSecret": null,
                    "issuer": null,
                    "allowedAudiences": null,
                    "additionalLoginParams": null,
                    "isAadAutoProvisioned": false,
                    "googleClientId": null,
                    "googleClientSecret": null,
                    "googleOAuthScopes": null,
                    "facebookAppId": null,
                    "facebookAppSecret": null,
                    "facebookOAuthScopes": null,
                    "twitterConsumerKey": null,
                    "twitterConsumerSecret": null,
                    "microsoftAccountClientId": null,
                    "microsoftAccountClientSecret": null,
                    "microsoftAccountOAuthScopes": null
                },
                "cors": {
                    "allowedOrigins": [
                        "https://functions.azure.com",
                        "https://functions-staging.azure.com",
                        "https://functions-next.azure.com"
                    ]
                },
                "push": null,
                "apiDefinition": null,
                "autoSwapSlotName": null,
                "localMySqlEnabled": false,
                "managedServiceIdentityId": null,
                "xManagedServiceIdentityId": null,
                "ipSecurityRestrictions": null,
                "http20Enabled": false,
                "minTlsVersion": "1.2",
                "ftpsState": "AllAllowed",
                "reservedInstanceCount": 0
            },
            "dependsOn": [
                "[resourceId('Microsoft.Web/sites', parameters('sites_blogdemofunc_name'))]"
            ]
        },
        {
            "comments": "Generalized from resource: '/subscriptions/82b5bb8a-2ea2-454a-80f5-cbada80b910c/resourceGroups/DemoRG/providers/Microsoft.Web/sites/blogdemofunc/hostNameBindings/blogdemofunc.azurewebsites.net'.",
            "type": "Microsoft.Web/sites/hostNameBindings",
            "name": "[concat(parameters('sites_blogdemofunc_name'), '/', parameters('hostNameBindings_blogdemofunc.azurewebsites.net_name'))]",
            "apiVersion": "2016-08-01",
            "location": "[parameters('resourceLocation')]",
            "scale": null,
            "properties": {
                "siteName": "blogdemofunc",
                "domainId": null,
                "hostNameType": "Verified"
            },
            "dependsOn": [
                "[resourceId('Microsoft.Web/sites', parameters('sites_blogdemofunc_name'))]"
            ]
        },
        {
            "comments": "Generalized from resource: '/subscriptions/82b5bb8a-2ea2-454a-80f5-cbada80b910c/resourceGroups/DemoRG/providers/Microsoft.Web/sites/blogdemoapp/config/web'.",
            "type": "Microsoft.Web/sites/config",
            "name": "[concat(parameters('sites_blogdemoapp_name'), '/', parameters('config_web_name'))]",
            "apiVersion": "2016-08-01",
            "location": "[parameters('resourceLocation')]",
            "scale": null,
            "properties": {
                "numberOfWorkers": 1,
                "defaultDocuments": [
                    "Default.htm",
                    "Default.html",
                    "Default.asp",
                    "index.htm",
                    "index.html",
                    "iisstart.htm",
                    "default.aspx",
                    "index.php",
                    "hostingstart.html"
                ],
                "netFrameworkVersion": "v4.0",
                "phpVersion": "5.6",
                "pythonVersion": "",
                "nodeVersion": "",
                "linuxFxVersion": "",
                "windowsFxVersion": null,
                "requestTracingEnabled": false,
                "remoteDebuggingEnabled": false,
                "remoteDebuggingVersion": null,
                "httpLoggingEnabled": false,
                "logsDirectorySizeLimit": 35,
                "detailedErrorLoggingEnabled": false,
                "publishingUsername": "$blogdemoapp",
                "publishingPassword": null,
                "appSettings": null,
                "azureStorageAccounts": {},
                "metadata": null,
                "connectionStrings": null,
                "machineKey": null,
                "handlerMappings": null,
                "documentRoot": null,
                "scmType": "None",
                "use32BitWorkerProcess": true,
                "webSocketsEnabled": false,
                "alwaysOn": false,
                "javaVersion": null,
                "javaContainer": null,
                "javaContainerVersion": null,
                "appCommandLine": "",
                "managedPipelineMode": "Integrated",
                "virtualApplications": [
                    {
                        "virtualPath": "/",
                        "physicalPath": "site\\wwwroot",
                        "preloadEnabled": false,
                        "virtualDirectories": null
                    }
                ],
                "winAuthAdminState": 0,
                "winAuthTenantState": 0,
                "customAppPoolIdentityAdminState": false,
                "customAppPoolIdentityTenantState": false,
                "runtimeADUser": null,
                "runtimeADUserPassword": null,
                "loadBalancing": "LeastRequests",
                "routingRules": [],
                "experiments": {
                    "rampUpRules": []
                },
                "limits": null,
                "autoHealEnabled": false,
                "autoHealRules": null,
                "tracingOptions": null,
                "vnetName": "",
                "siteAuthEnabled": false,
                "siteAuthSettings": {
                    "enabled": null,
                    "unauthenticatedClientAction": null,
                    "tokenStoreEnabled": null,
                    "allowedExternalRedirectUrls": null,
                    "defaultProvider": null,
                    "clientId": null,
                    "clientSecret": null,
                    "issuer": null,
                    "allowedAudiences": null,
                    "additionalLoginParams": null,
                    "isAadAutoProvisioned": false,
                    "googleClientId": null,
                    "googleClientSecret": null,
                    "googleOAuthScopes": null,
                    "facebookAppId": null,
                    "facebookAppSecret": null,
                    "facebookOAuthScopes": null,
                    "twitterConsumerKey": null,
                    "twitterConsumerSecret": null,
                    "microsoftAccountClientId": null,
                    "microsoftAccountClientSecret": null,
                    "microsoftAccountOAuthScopes": null
                },
                "cors": null,
                "push": null,
                "apiDefinition": null,
                "autoSwapSlotName": null,
                "localMySqlEnabled": false,
                "managedServiceIdentityId": null,
                "xManagedServiceIdentityId": null,
                "ipSecurityRestrictions": null,
                "http20Enabled": false,
                "minTlsVersion": "1.2",
                "ftpsState": "AllAllowed",
                "reservedInstanceCount": 0
            },
            "dependsOn": [
                "[resourceId('Microsoft.Web/sites', parameters('sites_blogdemoapp_name'))]"
            ]
        },
        {
            "comments": "Generalized from resource: '/subscriptions/82b5bb8a-2ea2-454a-80f5-cbada80b910c/resourceGroups/DemoRG/providers/Microsoft.Web/sites/blogdemoapp/hostNameBindings/blogdemoapp.azurewebsites.net'.",
            "type": "Microsoft.Web/sites/hostNameBindings",
            "name": "[concat(parameters('sites_blogdemoapp_name'), '/', parameters('hostNameBindings_blogdemoapp.azurewebsites.net_name'))]",
            "apiVersion": "2016-08-01",
            "location": "[parameters('resourceLocation')]",
            "scale": null,
            "properties": {
                "siteName": "blogdemoapp",
                "domainId": null,
                "hostNameType": "Verified"
            },
            "dependsOn": [
                "[resourceId('Microsoft.Web/sites', parameters('sites_blogdemoapp_name'))]"
            ]
        }
    ]
}